{"format": "mlp-tanh-argmax/v1", "sizes": [14, 16, 4], "w1": [[-0.17446433455851473, -0.38178024883685263, 0.04812942702809893, 0.5748973669864685, 0.9290702634132917, 0.42843262907188073, -1.7094320340348854, 0.35158277205767047, 0.16122410386546368, 0.9897055534510659, -1.3081380236576796, 0.42549493502856767, 0.005716445901402968, 2.116171233196792], [1.8681376879272438, 0.13952844323840746, 0.24953014866550632, 1.4128685649786314, 0.14963548015482428, 0.1559291636715841, -0.25675774552357583, 1.3546394847975507, -0.02296682702707284, -0.7311290642795729, 1.5653040282575992, 2.646489956763749, -1.13250413780884, 0.4544091355314567], [-0.033363142169748554, -0.0672727160291818, -0.04101204964613308, -0.8308177665823937, 0.2904119311901893, -0.62697466397382, -0.10976972792726858, -3.4851880180780923, -0.1857668591457834, 0.2904892056245, -1.316028092520479, -1.0193590081184183, 1.517951686197474, -1.4103043111537292], [0.6714161801648866, 0.0757219676432305, 1.4262733416660214, 0.47211294762226286, 0.33583014666046235, 0.33857161133953206, -1.9906739792881076, 0.3527975270567284, -0.7168413392102021, -1.9945127309436497, -1.0879012044621008, 3.585534858846921, -0.36199559030720185, 1.3117068589829954], [1.1805642821000963, -1.1632420809235573, 1.4009542164570619, 0.04215656183430967, -2.350101751676145, -0.6037563632465947, -1.5595107375926998, -0.753075129952909, -0.3655680394501714, -0.22409315453449893, -0.6978043184799426, 1.073857970734448, -0.49338013273774106, -0.3799958758484642], [0.91263230047369, 0.32902122290180563, 0.2520772686991081, -1.1780397527542583, -1.5831247172704914, -0.3432766105796878, 0.4227812937058368, -0.9495078767743351, -0.5176625024919843, 0.428687293085666, -0.21304093471795943, 0.013560059912478207, 0.637363500153316, -0.08295855706103507], [-0.3660939420683257, 0.2179628742605649, 0.9561392061287602, -0.22389749593940045, 0.4916124982426776, -0.0944419854176605, -0.82828704243832, -0.5312355785581737, -0.2850880193316298, 1.0036714235119903, 0.8024202824886455, 0.8679607484344192, 1.0562986050923266, 1.3052677241389739], [-2.3700108164353066, -1.6205656953853729, 0.5414079977439661, -0.4823025856835573, 0.360611542709532, -0.03047997342392945, -0.3585440361003351, 0.908869310456563, -0.7372074175204952, 0.8786676270866941, -0.10576526931579555, -0.5329095751471478, 1.6298577595988797, -0.3152728481795647], [1.4007021547436636, 0.7686236704589624, -0.6923905915798316, 1.430001564180129, -1.0539348033594558, -0.4213522077117702, -0.1528661516558391, -0.10027936420391914, -1.1581762455281166, 0.4428061650522017, -0.7206701899611232, -0.6336928562425889, 1.7817393435710467, -0.6138807795404466], [0.42560484033175044, 0.3649350224696296, 0.10203390347015029, 1.2287060640030796, -2.166326649021186, 0.7673789955667155, 1.5396075071406359, -1.3037544991981345, 0.03373347691939556, 0.30700482899085146, 1.0159690359116984, -0.6637279471394569, 0.056669917228654776, 2.6934770247514646], [-0.22477970052254923, -0.8144529625694756, -0.6685582442997241, -0.21186996267269737, -0.34526230220281917, -1.3573997023809845, -0.32990681048273035, 0.8128120765560306, 0.5567395226933949, 0.8807263445990262, -1.116361954106203, -1.9684017839496755, -0.24582330858610274, 0.2761273831649038], [2.0730045496474814, 0.15984994938287184, 0.19676899696541247, -0.2579353105900486, -0.27817745306564107, 0.2604112977061092, 0.6195988304379956, -0.8666170848365911, -2.8741429768989244, -1.4350311512183194, -1.834208145077202, 1.3003911704337625, -3.4080456771309087, -0.03949132736477069], [-0.13606377483232573, -1.8707890407327643, 1.6272582391371393, -2.4148476040775884, -0.10070778252222393, 1.2787628578670307, -0.14515313642933697, 0.9405855271480478, 1.3075948072040269, 1.4397516900278151, -2.0085846512302625, -0.1403089961222815, 0.023262484287124362, -1.3971868815771078], [-0.39899080908696966, -0.5686469149364146, 0.7786658363643177, -2.977773192738405, -0.17633850626276407, 0.1859169304897072, -0.9002411408722095, -0.738672305005, 0.2994241198656589, 0.8239381727854275, -0.4789051310627116, 0.4036917809911043, 1.1259074837878331, -1.2921606565253558], [-1.2044059783539407, -0.7323346230203012, -0.050500690370980705, -1.3431720890301215, 0.9035680736634724, -0.6239508418610855, 0.9619692839832847, -0.7813269010514279, -0.35374043358014384, -1.3327715300197553, 0.017768453890546643, -0.014928183395954012, 0.36820313128523974, 0.984825079850823], [-0.9908789075463211, 1.562376849997233, 2.4835801283332755, 0.18001261491874465, 0.7140071416089367, 0.6581527286814423, 1.1334726843783867, 1.6446558831358569, -0.5642334265822124, -1.3601139522997328, -0.7460574228526243, -0.5962956774281598, -0.13544039852576878, 2.160391563935581]], "b1": [1.912408172027071, 0.41807571069587873, -1.7632136602059796, 1.2904991119656033, -1.1589205045765258, 0.5454720786528603, 0.14011422541402704, 0.3727982671704261, -0.8458383470108174, -1.2994804380164895, 1.4955612925933914, 0.20115632035983255, -0.43078850004120256, -0.9801627068861712, -0.15219647618477958, 0.9768828897865044], "w2": [[0.01023805418999367, 0.4410464810941928, -1.7440630670442343, 2.372796020928489, 0.8288503561982605, -0.29048755505880486, 0.42055875671577203, 0.7949403136397531, 0.3571971214213082, 0.39407303908682506, -2.0357025076259285, 0.9611915817235296, -0.7533261034488765, 1.156102879679145, -0.9907115759834472, 0.517451252923561], [-1.329104232079286, -0.14122647291549326, 2.596148443033678, -0.028892069529364663, -0.6913519984884321, 1.1299395749606727, 0.07555462470283474, -1.4024061477822665, 0.19593376142590793, 0.7174365725655487, -0.9364978858018252, -1.1946731762362222, 0.2582019971332775, -0.5904644418309506, 0.9312537124220566, -0.3036410585901641], [0.8236368552356106, -2.8637783002445407, 1.0348672598043396, -1.0485167068285357, 1.0197641076192787, 1.261705767473029, -1.873359164907645, -0.40847594431453127, -0.057611626357802814, -1.1771649118778469, 1.6965677608757193, -0.20957121738541895, 1.6515820385310538, -2.1724080899468974, -0.09276489713705953, -0.8943630708893032], [0.40317049954494816, 0.16208398323032666, -0.15266884617718435, -0.3951529583011865, -0.9883777558772635, 0.6878190786786724, 0.5154753420539275, 0.9958925475703605, -1.6201232689480456, -0.3158700717934885, 1.577923988753806, 0.2329253568590126, 0.9372033068617226, 1.8568893728364653, 0.8386591645511461, 0.8606346205231168]], "b2": [1.6155979314407491, -1.8229017348326806, -0.6407720218723383, 0.2397713092112904], "meta": {"preset": "trainee", "pop": 96, "elite": 10, "episodes": 5, "gens": 60, "hidden": 16, "noise": 0.02, "seed": 3, "probes": 12, "checkpoint": {"gen": 26, "probe": -58.38}, "fitness_history": [{"gen": 1, "best": -78.85, "elite_mean": -104.79, "pop_mean": -113.95, "probe": -110.11}, {"gen": 2, "best": -69.1, "elite_mean": -102.35, "pop_mean": -114.26, "probe": -110.11}, {"gen": 3, "best": -87.59, "elite_mean": -105.86, "pop_mean": -113.14, "probe": -109.46}, {"gen": 4, "best": -45.13, "elite_mean": -92.92, "pop_mean": -111.99, "probe": -113.76}, {"gen": 5, "best": -58.79, "elite_mean": -81.71, "pop_mean": -112.43, "probe": -92.3}, {"gen": 6, "best": -54.11, "elite_mean": -71.84, "pop_mean": -110.57, "probe": -106.68}, {"gen": 7, "best": -64.38, "elite_mean": -72.39, "pop_mean": -110.29, "probe": -91.46}, {"gen": 8, "best": -58.33, "elite_mean": -59.57, "pop_mean": -100.4, "probe": -73.08}, {"gen": 9, "best": -46.3, "elite_mean": -70.55, "pop_mean": -101.9, "probe": -73.32}, {"gen": 10, "best": -49.53, "elite_mean": -72.83, "pop_mean": -100.93, "probe": -73.13}, {"gen": 11, "best": -61.99, "elite_mean": -70.39, "pop_mean": -103.12, "probe": -80.91}, {"gen": 12, "best": -14.98, "elite_mean": -46.9, "pop_mean": -79.85, "probe": -84.19}, {"gen": 13, "best": -67.25, "elite_mean": -80.89, "pop_mean": -99.17, "probe": -69.8}, {"gen": 14, "best": 16.61, "elite_mean": -16.81, "pop_mean": -77.68, "probe": -79.82}, {"gen": 15, "best": 67.52, "elite_mean": 5.66, "pop_mean": -64.18,