{"format": "mlp-tanh-argmax/v1", "sizes": [14, 16, 4], "w1": [[0.012877003968100608, -0.3968415981495207, 0.7897296390435811, 0.15194787635947568, 1.0137386942434594, 0.6788277389258457, 0.3947201330228288, 2.7441703851211248, -0.4566562350946154, 0.2518406025533938, 0.2197591619050562, 0.06419781476303613, -0.05709016151736428, -0.28492176510094047], [-1.7379188504196417, 0.05536986064304161, -3.3445443503854713, 0.021557552600652168, 1.6623499058966078, 1.3478954673631882, -0.7113709317488557, -0.029655868382625423, 1.5192581427643244, 0.2521080311230855, -1.0184479196591834, 0.6327290282970773, -3.313709857450273, 0.9840940222441175], [0.06039067459915891, -2.556335420115448, -0.5493021495960292, -0.5776260426749896, 2.4974600443708086, 0.7430296030848287, 0.9556440120700751, 0.39832292708193506, 0.11491324530143857, 0.9679930487638622, 0.07518687485542522, -0.47524609323680833, -2.2236156129846725, 0.9046002785024413], [0.6052037829034497, 0.06266655332679638, -0.5618835006741254, 1.0019185544854459, 0.26117795024877405, 0.18171216873528387, 1.901022730068971, 0.21613508538464438, -1.5809849939722582, -1.5635265575787944, 0.5599560534594634, 0.8906431159895029, -1.0958745711790285, 0.5388235141502887], [0.1170198967529659, -0.10669442931510793, 0.2395738283618128, 1.0151209161082453, -0.4113692230036256, 0.2883860917510709, 1.6388519522163434, -0.6283755793046356, 0.07095076620396636, 0.7407628799748393, -0.001966423321103916, 0.5586658595189629, -0.9264375495464826, -1.8200666052414096], [0.42451059012199954, 0.7586913996593825, -1.1832850409247198, -0.9805268735244729, -0.13416539883030157, 0.7806902777428366, -0.032404726575930465, 1.748013414823557, 1.401357492305094, 1.6129118726500213, 0.3805572303874012, 0.18434565598109104, -0.7906453595062325, 7.518884265433295], [-1.6681363510459803, 0.9230662361815591, 1.1171830607392719, -1.1540432145297217, -0.8905930165070035, -3.6657941560275233, 0.28813566639885463, -0.13092079929645667, 0.12037179781092525, 2.132464465351128, 0.7391410135751958, 0.39933407860866976, -0.5804038037266942, -2.229973970783729], [-1.2219665719352302, 0.13067235312723108, -1.0049841800968609, 0.45435140717953804, -0.12021978057889546, -1.329445112418276, -0.3290131239685469, -2.8281764892666605, 0.48648114771685547, 0.5049744190961201, 3.2498372149620245, -0.3682956231696809, 0.3142972440748905, -1.2932224412839388], [1.0345378657716615, -0.9247383568583647, 0.12555016953064385, -1.0131324578404726, 1.3581976338986603, 0.356058072608176, -2.3050613586396187, 1.9275524655298812, -0.6243551847987063, -0.8083061224175768, 1.591228971497015, -0.5858144085342318, -1.2951741509141736, 0.8859789815132164], [0.3177311577871683, -0.8321933850651917, -0.21895672143442685, -0.4976227594215191, 1.6031319374610589, 1.0384823706253075, -0.941767991756611, 1.2595870914208156, -1.4988159077363619, 2.339967228131933, -0.6900114027497861, 0.7248123980178077, -0.7396193590577858, -1.3018694250429346], [-0.8122877034077192, 0.9857975198712744, 0.07694551096358579, -0.05423645543588851, 0.7607054781995071, -0.06985864724110616, 0.7017484172592184, 2.271334723927775, -2.8075677582863623, -1.3659017733895809, 1.7527679866577976, 0.8428990719901798, 0.6261344259546565, 1.253656737092835], [0.3115429914309277, 1.6065068794762483, -0.3943860844342909, -0.09481270392621562, -0.021933249047432133, -0.9401106823092272, 0.38172724868248403, 0.7940528614668476, -1.3956431365615745, -2.232033025629371, 0.2543643014008202, -0.7479400093444276, 0.24182686734105419, 3.5308019779020974], [1.2655048387831722, 1.2146397254861718, -2.86992556990064, 1.7034885565223257, 0.5228117698297658, 0.4633420568864631, 2.0828912051616637, 0.6237667577199736, 0.6946850884871678, -1.0792079930133027, 0.8379216648316403, 1.6657666923025172, -1.6576597613304824, 0.9846214002523643], [-0.036318064003076335, 0.09268749445581112, 2.144247087504109, 0.908712783113868, 0.46537435393338755, -3.26067242715025, -0.673132850858235, -0.797020057006735, 1.2459288265098558, -0.7220149750335837, 1.8272670392866732, 1.5593443698423877, 0.005269883918442977, 0.8570863211142854], [-0.013422974014083988, -0.892950953475894, 0.41456575224696657, -2.156368732586002, 0.10465417784749953, 0.44713487198854474, 1.0401722187919893, -0.226207287125434, -0.1384901946011464, 0.6777494062424245, 0.46052479297539534, 0.7043347821601036, -0.7503974149813933, 0.5753409774545246], [0.7129653404605449, -0.004721504276900187, -0.28582419693177374, -0.4943881153665296, -0.015069612430215701, 1.0916347014193242, -2.708559220319543, -3.294399825716338, -2.1042313628147453, 0.25939386388199953, -0.06300803231569471, 3.023913560421115, 1.4750699284115438, 5.525966912297399]], "b1": [-1.149001039893372, -2.6253181370541006, -0.8433121894803337, -2.21590046851592, -1.5170694795678141, 0.12729680324773945, -0.09899186621477896, -1.4772846215995648, -0.07073185906963343, -0.8108793645566882, 0.09922356022579615, -0.39634326206035003, -0.7645031981967373, 1.4455112555446052, -0.16113963477137822, -0.7426372952513667], "w2": [[0.18705474755533705, 1.8486079030766007, -4.182849238673036, 0.04907645983087069, -0.5605001499513979, -0.4366824505156378, -0.36292545015068456, -2.1302053762038846, -0.5694845293906168, -0.9441412016305428, 0.746758685066937, -0.42055582932652846, 1.0801258683078467, 0.6880361812756365, -0.09200271323680279, 1.0107369312195755], [-0.5706454403971309, 0.4300528955076011, -0.4907839094108512, 0.7735269662571067, -0.6550304383166677, 0.453357450625725, 0.9095440502343445, 0.243005192416978, -0.7608462993785816, 1.4601744294176713, 0.30246624659256016, -2.2989760900399405, 1.1117416403325227, 0.9600241045528005, -0.05721165617641973, 1.377618937519035], [-2.669390198253084, -2.006993044583693, -1.2273042373082064, -0.44331475049483726, 0.24846620999396385, 0.4847023139815648, -0.5073330176110861, -0.5225871807372433, -0.6313683223843704, 0.4976324989386554, -0.06834763469389651, -0.5091766665990024, 0.2669693343492991, 0.7274722620255015, -1.499265481365121, 0.6544364165372204], [-0.263197463555103, -0.4776722965434934, -0.3449700092544352, -1.3529136428009534, -3.935678754717764, -0.9375684919613819, -0.6533754298327447, 0.19813923894822302, -1.4925468623639742, 1.968784086795448, 0.3874308778438657, -0.7076375204009955, -1.6960813114869844, -0.4113693186138735, -1.1889447588063162, 1.1551130890409962]], "b2": [2.746071340196104, -0.6099089089668908, -0.953661145804644, 1.4403539714335936], "meta": {"preset": "trainee", "pop": 96, "elite": 10, "episodes": 3, "gens": 100, "hidden": 16, "noise": 0.02, "seed": 0, "probes": 10, "checkpoint": {"gen": 58, "probe": -44.21}, "fitness_history": [{"gen": 1, "best": -110.16, "elite_mean": -110.64, "pop_mean": -115.74, "probe": -110.03}, {"gen": 2, "best": -109.85, "elite_mean": -109.85, "pop_mean": -115.42, "probe": -110.03}, {"gen": 3, "best": -109.07, "elite_mean": -109.38, "pop_mean": -112.99, "probe": -110.03}, {"gen": 4, "best": -58.77, "elite_mean": -101.26, "pop_mean": -112.41, "probe": -110.03}, {"gen": 5, "best": -58.63, "elite_mean": -90.6, "pop_mean": -110.72, "probe": -109.48}, {"gen": 6, "best": -4.19, "elite_mean": -54.26, "pop_mean": -106.94, "probe": -109.83}, {"gen": 7, "best": -31.71, "elite_mean": -66.48, "pop_mean": -107.56, "probe": -69.46}, {"gen": 8, "best": -14.25, "elite_mean": -42.92, "pop_mean": -100.86, "probe": -69.73}, {"gen": 9, "best": -16.01, "elite_mean": -45.19, "pop_mean": -93.96, "probe": -78.58}, {"gen": 10, "best": -36.02, "elite_mean": -46.32, "pop_mean": -87.33, "probe": -100.54}, {"gen": 11, "best": 16.7, "elite_mean": -16.26, "pop_mean": -87.65, "probe": -85.01}, {"gen": 12, "best": -44.7, "elite_mean": -57.03, "pop_mean": -93.86, "probe": -82.97}, {"gen": 13, "best": -35.39, "elite_mean": -55.97, "pop_mean": -90.57, "probe": -84.78}, {"gen": 14, "best": -36.36, "elite_mean": -49.3, "pop_mean": -97.61, "probe": -128.84}, {"gen": 15, "best": -58.71, "elite_mean": -58.75, "pop_mean": -105.42,